{"schemaVersion":"1.0","appDefinitionTemplate":{"id":"/providers/Microsoft.PowerApps/apps/","type":"Microsoft.PowerApps/apps","tags":{"primaryDeviceWidth":"640","primaryDeviceHeight":"1136","sienaVersion":"20200909T165548Z-3.20083.24.0","deviceCapabilities":"","supportsPortrait":"true","supportsLandscape":"false","primaryFormFactor":"Phone","publisherVersion":"3.20083.24","minimumRequiredApiVersion":"2.2.0","hasComponent":"true","hasUnlockedComponent":"true","isUnifiedRootApp":"false"},"properties":{"appVersion":"2020-09-09T16:55:48Z","lifeCycleId":"Published","createdByClientVersion":{"major":3,"minor":20083,"build":24,"revision":0,"majorRevision":0,"minorRevision":0},"minClientVersion":{"major":3,"minor":20083,"build":24,"revision":0,"majorRevision":0,"minorRevision":0},"backgroundColor":"rgba(0, 138, 0, 1)","backgroundImageUri":"/7444354832327160178/N1a6962d8-8b9d-43cb-a5bd-24d1454f8bdc-logoSmallFile","displayName":"Building Admin (v1_15)","description":"Building Access Admin app","commitMessage":"","appUris":{"documentUri":{"value":"/7444354832327160178/N5f9160a0-7dfd-4aca-9133-204c8e1ce8c0-document.msapp","readonlyValue":"/7444354832327160178/N5f9160a0-7dfd-4aca-9133-204c8e1ce8c0-document.msapp"},"imageUris":[]},"createdTime":"0001-01-01T00:00:00Z","lastModifiedTime":"0001-01-01T00:00:00Z","sharedGroupsCount":0,"sharedUsersCount":0,"icons":{"smallIconUri":"/7444354832327160178/N8e71d928-5da1-4124-bcc5-3247f6fde61a-small.png","mediumIconUri":"/7444354832327160178/N9fd215ff-e99d-4c99-9ecf-e403121ef79f-medium.png","largeIconUri":"/7444354832327160178/Ne503bb90-294d-4bd0-b85a-c73ab050b830-large.png","wideIconUri":"/7444354832327160178/Nf354f3e5-fd34-4b57-8e58-3612358e4474-wide.png"},"connectionReferences":{"0e8ffb38-66df-4f85-a26b-41a7c9dc3412":{"id":"911436a8-8a58-4b4a-b0d8-74da3ee2e071","displayName":"SharePoint","iconUri":"https://connectoricons-prod.azureedge.net/releases/v1.0.1389/1.0.1389.2117/sharepointonline/icon.png","dataSources":["BAR_AppSettings","BAR_Buildings","BAR_KeyQuestionAnswers","BAR_KeyQuestions","BAR_Requests","BAR_SafetyPrecautions","BAR_Spaces","BAR_SpacesMap"],"dependencies":[],"dependents":["e0fc56bc-c2b4-442a-a090-c0e25aaa1fdc"],"parameterHints":{},"isOnPremiseConnection":false,"bypassConsent":false,"dataSets":{"https://m365x706011.sharepoint.com/sites/BAR115/":{"dataSources":{"BAR_AppSettings":{"tableName":"ecdcd7ed-7521-44ae-b1a4-bdd94eba8af4"},"BAR_Buildings":{"tableName":"0e630440-4a57-4cb2-8dcd-db8f2f6d7c3f"},"BAR_KeyQuestionAnswers":{"tableName":"2a3d47b7-0f3a-4eb5-96b4-7009316adc0e"},"BAR_KeyQuestions":{"tableName":"13240826-c94a-4254-b3fe-404e1ebcb7a0"},"BAR_Requests":{"tableName":"8d79df92-e872-4e89-bd66-bd6185805ce8"},"BAR_SafetyPrecautions":{"tableName":"9144c655-0078-450b-8aee-2309dc5303fd"},"BAR_Spaces":{"tableName":"3759baa3-e0f5-4f5e-b987-fee9c9ad87dc"}}},"https://m365x706011.sharepoint.com/sites/BAR115":{"dataSources":{"BAR_SpacesMap":{"tableName":"9cb34aaf-e67f-4e18-8ab4-e3a8e2f708d7"}}}},"apiTier":"Standard","isCustomApiConnection":false},"e0fc56bc-c2b4-442a-a090-c0e25aaa1fdc":{"id":"92f39357-e301-4099-88f3-70775a2d2904","displayName":"Logic flows","iconUri":"https://resourcestackdeploy.blob.core.windows.net/scripts/13276078.png","dataSources":["PowerAppsbutton"],"dependencies":["0e8ffb38-66df-4f85-a26b-41a7c9dc3412"],"dependents":[],"parameterHints":{"workflowName":{"value":"24dafb30-6500-4250-a072-483d7e32b6fc"},"0e8ffb38-66df-4f85-a26b-41a7c9dc3412":{"value":"shared_sharepointonline"}},"isOnPremiseConnection":false,"bypassConsent":false,"dataSets":{},"apiTier":"Standard","isCustomApiConnection":false}},"databaseReferences":{},"almMode":"Environment","performanceOptimizationEnabled":true,"canConsumeAppPass":true,"executionRestrictions":{"isTeamsOnly":false,"dataLossPreventionEvaluationResult":{"status":"Compliant","lastEvaluationDate":"2020-09-09T02:24:05.455104Z","violationDetails":[]}}},"isAppComponentLibrary":false,"appType":"ClassicCanvasApp","appComponents":[]}}