{"schemaVersion":"1.0","appDefinitionTemplate":{"id":"/providers/Microsoft.PowerApps/apps/","type":"Microsoft.PowerApps/apps","tags":{"primaryDeviceWidth":"640","primaryDeviceHeight":"1136","sienaVersion":"20210222T190927Z-3.21021.39.0","deviceCapabilities":"webcam","supportsPortrait":"true","supportsLandscape":"false","primaryFormFactor":"Phone","publisherVersion":"3.21021.39","minimumRequiredApiVersion":"2.2.0","hasComponent":"true","hasUnlockedComponent":"true","isUnifiedRootApp":"false"},"properties":{"appVersion":"2021-02-22T19:09:27Z","lifeCycleId":"Published","createdByClientVersion":{"major":3,"minor":21021,"build":39,"revision":0,"majorRevision":0,"minorRevision":0},"minClientVersion":{"major":3,"minor":21021,"build":39,"revision":0,"majorRevision":0,"minorRevision":0},"backgroundColor":"rgba(0, 138, 0, 1)","backgroundImageUri":"/3528480458346461114/N98f9ea5a-f442-4232-9ca5-3f10eaea35d7-logoSmallFile","displayName":"Building Security (v1_16)","description":"","commitMessage":"","appUris":{"documentUri":{"value":"/3528480458346461114/N981aaa28-af49-4319-a76f-fa0ac107a081-document.msapp"},"imageUris":[]},"createdTime":"0001-01-01T00:00:00Z","lastModifiedTime":"0001-01-01T00:00:00Z","sharedGroupsCount":0,"sharedUsersCount":0,"icons":{"smallIconUri":"/3528480458346461114/Nd09f5793-464c-4db3-8fb7-e61037ee8b0e-small.png","mediumIconUri":"/3528480458346461114/N70756b1f-76ef-42cf-a961-8baf826e317a-medium.png","largeIconUri":"/3528480458346461114/N5005ba70-869b-448e-bc7a-1240a9190842-large.png","wideIconUri":"/3528480458346461114/Na4fdf9c0-2e60-48f5-bc9c-9d2b3d742ebd-wide.png"},"connectionReferences":{"a85136af-8df5-414d-87dc-5e905e932008":{"id":"33efb02c-7562-4196-8f73-d22d4628ed4e","displayName":"Office 365 Users","iconUri":"https://connectoricons-prod.azureedge.net/releases/v1.0.1430/1.0.1430.2296/office365users/icon.png","dataSources":["Office365Users"],"dependencies":[],"dependents":[],"parameterHints":{},"isOnPremiseConnection":false,"dataSets":{},"apiTier":"Standard","isCustomApiConnection":false,"actions":["MyProfileV2","UserPhotoMetadata","UserPhotoV2","UserPhoto"]},"47a4ea09-2334-423d-9e50-36960f75e115":{"id":"90457033-850d-4263-98e0-2917055668a4","displayName":"Microsoft Teams","iconUri":"https://connectoricons-prod.azureedge.net/releases/v1.0.1436/1.0.1436.2319/teams/icon.png","dataSources":["MicrosoftTeams"],"dependencies":[],"dependents":[],"parameterHints":{},"isOnPremiseConnection":false,"dataSets":{},"apiTier":"Standard","isCustomApiConnection":false},"a25dfae2-84ab-4815-8cd5-eb087b8cc1df":{"id":"8f349074-5d2d-42cb-8dff-d88a35b4b3b5","displayName":"SharePoint","iconUri":"https://connectoricons-prod.azureedge.net/releases/v1.0.1431/1.0.1431.2301/sharepointonline/icon.png","dataSources":["BAR_AppSettings","BAR_Buildings","BAR_KeyQuestionAnswers","BAR_KeyQuestions","BAR_Requests","BAR_SafetyPrecautions","BAR_Spaces","BAR_SpacesMap","BAR_SuperUsers"],"dependencies":[],"dependents":[],"parameterHints":{},"isOnPremiseConnection":false,"dataSets":{"https://m365x257948.sharepoint.com/sites/BAR115/":{"dataSources":{"BAR_AppSettings":{"tableName":"81fed6d3-7d9f-4a93-9c45-0d13cf246e2b"},"BAR_Buildings":{"tableName":"f3dba4db-e7e2-46d3-b0ae-8872b93e4921"},"BAR_KeyQuestionAnswers":{"tableName":"89927931-bd5a-4133-ba60-8fb6dac832ad"},"BAR_KeyQuestions":{"tableName":"f4b8f4be-cd8c-4fd2-a219-a7d159e963d4"},"BAR_Requests":{"tableName":"bfe327b1-5d6a-4b82-9c37-5260ed5f97b8"},"BAR_SafetyPrecautions":{"tableName":"037db6b5-6d00-4210-bfe8-c9823e8d0490"},"BAR_Spaces":{"tableName":"edc094c4-fa9b-45f0-8224-6c3b8447759b"},"BAR_SpacesMap":{"tableName":"895404e4-4e9e-49d3-a9c8-388866f83f46"},"BAR_SuperUsers":{"tableName":"f6ffda8c-99c1-4257-97a7-5bde8418c20a"}}}},"apiTier":"Standard","isCustomApiConnection":false}},"databaseReferences":{},"almMode":"Environment","performanceOptimizationEnabled":true,"canConsumeAppPass":true,"executionRestrictions":{"isTeamsOnly":false,"dataLossPreventionEvaluationResult":{"status":"Compliant","lastEvaluationDate":"2021-02-22T19:09:38.3738394Z","violationDetails":[]}}},"isAppComponentLibrary":false,"appType":"ClassicCanvasApp","appComponents":[]}}