{"schemaVersion":"1.0","appDefinitionTemplate":{"id":"/providers/Microsoft.PowerApps/apps/","type":"Microsoft.PowerApps/apps","tags":{"primaryDeviceWidth":"640","primaryDeviceHeight":"1136","sienaVersion":"20210316T141822Z-3.21024.25.0","deviceCapabilities":"","supportsPortrait":"true","supportsLandscape":"false","primaryFormFactor":"Phone","publisherVersion":"3.21024.25","minimumRequiredApiVersion":"2.2.0","hasComponent":"true","hasUnlockedComponent":"true","isUnifiedRootApp":"false"},"properties":{"appVersion":"2021-03-16T14:18:22Z","lifeCycleId":"Published","createdByClientVersion":{"major":3,"minor":21024,"build":25,"revision":0,"majorRevision":0,"minorRevision":0},"minClientVersion":{"major":3,"minor":21024,"build":25,"revision":0,"majorRevision":0,"minorRevision":0},"backgroundColor":"rgba(0, 138, 0, 1)","backgroundImageUri":"/13702253791427235496/N17c0b718-fcce-4992-8080-191d44af626a-logoSmallFile","displayName":"Building Admin (v1_16)","description":"Building Access Admin app","commitMessage":"","appUris":{"documentUri":{"value":"/13702253791427235496/N2db75a98-a08f-4d51-894b-82c7e8a93000-document.msapp"},"imageUris":[]},"createdTime":"0001-01-01T00:00:00Z","lastModifiedTime":"0001-01-01T00:00:00Z","sharedGroupsCount":0,"sharedUsersCount":0,"icons":{"smallIconUri":"/13702253791427235496/Nfa78aedd-2cf5-4202-9b38-a47b74360686-small.png","mediumIconUri":"/13702253791427235496/N1a5fcc15-7293-43cc-83d0-3b582c138689-medium.png","largeIconUri":"/13702253791427235496/N131234ea-1a46-4892-bfb5-89a82fdf172c-large.png","wideIconUri":"/13702253791427235496/N55521a02-e344-4677-9c0c-3ff8308766f8-wide.png"},"connectionReferences":{"0e8ffb38-66df-4f85-a26b-41a7c9dc3412":{"id":"8f349074-5d2d-42cb-8dff-d88a35b4b3b5","displayName":"SharePoint","iconUri":"https://connectoricons-prod.azureedge.net/releases/v1.0.1445/1.0.1445.2347/sharepointonline/icon.png","dataSources":["BAR_AppSettings","BAR_Buildings","BAR_KeyQuestionAnswers","BAR_KeyQuestions","BAR_Requests","BAR_SafetyPrecautions","BAR_Spaces","BAR_SpacesMap","BAR_SuperUsers"],"dependencies":[],"dependents":[],"parameterHints":{},"isOnPremiseConnection":false,"bypassConsent":false,"dataSets":{"https://m365x257948.sharepoint.com/sites/BAR115/":{"dataSources":{"BAR_AppSettings":{"tableName":"81fed6d3-7d9f-4a93-9c45-0d13cf246e2b"},"BAR_Buildings":{"tableName":"f3dba4db-e7e2-46d3-b0ae-8872b93e4921"},"BAR_KeyQuestionAnswers":{"tableName":"89927931-bd5a-4133-ba60-8fb6dac832ad"},"BAR_KeyQuestions":{"tableName":"f4b8f4be-cd8c-4fd2-a219-a7d159e963d4"},"BAR_Requests":{"tableName":"bfe327b1-5d6a-4b82-9c37-5260ed5f97b8"},"BAR_SafetyPrecautions":{"tableName":"037db6b5-6d00-4210-bfe8-c9823e8d0490"},"BAR_Spaces":{"tableName":"edc094c4-fa9b-45f0-8224-6c3b8447759b"},"BAR_SpacesMap":{"tableName":"895404e4-4e9e-49d3-a9c8-388866f83f46"},"BAR_SuperUsers":{"tableName":"f6ffda8c-99c1-4257-97a7-5bde8418c20a"}}}},"apiTier":"Standard","isCustomApiConnection":false}},"databaseReferences":{},"almMode":"Environment","performanceOptimizationEnabled":true,"canConsumeAppPass":true,"executionRestrictions":{"isTeamsOnly":false,"dataLossPreventionEvaluationResult":{"status":"Compliant","lastEvaluationDate":"2021-02-04T15:18:15.9861035Z","violationDetails":[]}}},"isAppComponentLibrary":false,"appType":"ClassicCanvasApp","appComponents":[]}}