{"schemaVersion":"1.0","appDefinitionTemplate":{"id":"/providers/Microsoft.PowerApps/apps/","type":"Microsoft.PowerApps/apps","tags":{"primaryDeviceWidth":"640","primaryDeviceHeight":"1136","sienaVersion":"20200909T173032Z-3.20083.24.0","deviceCapabilities":"","supportsPortrait":"true","supportsLandscape":"false","primaryFormFactor":"Phone","publisherVersion":"3.20083.24","minimumRequiredApiVersion":"2.2.0","hasComponent":"true","hasUnlockedComponent":"true","isUnifiedRootApp":"false"},"properties":{"appVersion":"2020-09-09T17:30:32Z","lifeCycleId":"Published","createdByClientVersion":{"major":3,"minor":20083,"build":24,"revision":0,"majorRevision":0,"minorRevision":0},"minClientVersion":{"major":3,"minor":20083,"build":24,"revision":0,"majorRevision":0,"minorRevision":0},"backgroundColor":"rgba(0, 138, 0, 1)","backgroundImageUri":"/15862606668793956659/N68cb701c-e77d-45b5-bfcb-b0e88f23b4d5-logoSmallFile","displayName":"Building Access (v1_15)","description":"","commitMessage":"","appUris":{"documentUri":{"value":"/15862606668793956659/Nf910f1f4-31dd-4d13-b3f5-7b4ea5880213-document.msapp","readonlyValue":"/15862606668793956659/Nf910f1f4-31dd-4d13-b3f5-7b4ea5880213-document.msapp"},"imageUris":[]},"createdTime":"0001-01-01T00:00:00Z","lastModifiedTime":"0001-01-01T00:00:00Z","sharedGroupsCount":0,"sharedUsersCount":0,"icons":{"smallIconUri":"/15862606668793956659/N6217c253-8418-4929-b9fa-ef7776c0fd3f-small.png","mediumIconUri":"/15862606668793956659/N17ca80a5-dc9d-436d-b043-04362d34ecef-medium.png","largeIconUri":"/15862606668793956659/N8da73de7-668b-480a-b48b-9a6584a4d3fb-large.png","wideIconUri":"/15862606668793956659/Na5b6a87a-cacb-4b18-ba12-13d2c631fb9a-wide.png"},"connectionReferences":{"a85136af-8df5-414d-87dc-5e905e932008":{"id":"3264bd04-25c6-44b9-b38d-87c0c5aa4f9b","displayName":"Office 365 Users","iconUri":"https://connectoricons-prod.azureedge.net/releases/v1.0.1385/1.0.1385.2110/office365users/icon.png","dataSources":["Office365Users"],"dependencies":[],"dependents":["b19a1e1f-4a8e-4eb5-98be-2370028d7252"],"parameterHints":{},"isOnPremiseConnection":false,"bypassConsent":false,"dataSets":{},"apiTier":"Standard","isCustomApiConnection":false},"f7e9b7d0-887b-409e-aa31-cadb387f0d03":{"id":"911436a8-8a58-4b4a-b0d8-74da3ee2e071","displayName":"SharePoint","iconUri":"https://connectoricons-prod.azureedge.net/releases/v1.0.1389/1.0.1389.2117/sharepointonline/icon.png","dataSources":["BAR_AppSettings","BAR_Buildings","BAR_KeyQuestionAnswers","BAR_KeyQuestions","BAR_Requests","BAR_SafetyPrecautions","BAR_Spaces","BAR_SpacesMap","BAR_SuperUsers"],"dependencies":[],"dependents":["b19a1e1f-4a8e-4eb5-98be-2370028d7252"],"parameterHints":{},"isOnPremiseConnection":false,"bypassConsent":false,"dataSets":{"https://m365x706011.sharepoint.com/sites/BAR115/":{"dataSources":{"BAR_AppSettings":{"tableName":"ecdcd7ed-7521-44ae-b1a4-bdd94eba8af4"},"BAR_Buildings":{"tableName":"0e630440-4a57-4cb2-8dcd-db8f2f6d7c3f"},"BAR_KeyQuestionAnswers":{"tableName":"2a3d47b7-0f3a-4eb5-96b4-7009316adc0e"},"BAR_KeyQuestions":{"tableName":"13240826-c94a-4254-b3fe-404e1ebcb7a0"},"BAR_Requests":{"tableName":"8d79df92-e872-4e89-bd66-bd6185805ce8"},"BAR_SafetyPrecautions":{"tableName":"9144c655-0078-450b-8aee-2309dc5303fd"},"BAR_Spaces":{"tableName":"3759baa3-e0f5-4f5e-b987-fee9c9ad87dc"}}},"https://m365x706011.sharepoint.com/sites/BAR115":{"dataSources":{"BAR_SpacesMap":{"tableName":"9cb34aaf-e67f-4e18-8ab4-e3a8e2f708d7"},"BAR_SuperUsers":{"tableName":"009a9ffa-b57e-41d9-b951-e9b3b050b4b4"}}}},"apiTier":"Standard","isCustomApiConnection":false},"b19a1e1f-4a8e-4eb5-98be-2370028d7252":{"id":"92f39357-e301-4099-88f3-70775a2d2904","displayName":"Logic flows","iconUri":"https://resourcestackdeploy.blob.core.windows.net/scripts/13276078.png","dataSources":["BARCreateRequests(v1_15)"],"dependencies":["a85136af-8df5-414d-87dc-5e905e932008","f7e9b7d0-887b-409e-aa31-cadb387f0d03"],"dependents":[],"parameterHints":{"workflowName":{"value":"e233c64c-6787-42dc-bd57-722fd4d4438b"},"a85136af-8df5-414d-87dc-5e905e932008":{"value":"shared_office365users_1"},"f7e9b7d0-887b-409e-aa31-cadb387f0d03":{"value":"shared_sharepointonline_1"}},"isOnPremiseConnection":false,"bypassConsent":false,"dataSets":{},"apiTier":"Standard","isCustomApiConnection":false}},"databaseReferences":{},"almMode":"Environment","performanceOptimizationEnabled":true,"canConsumeAppPass":true,"executionRestrictions":{"isTeamsOnly":false,"dataLossPreventionEvaluationResult":{"status":"Compliant","lastEvaluationDate":"2020-09-08T22:33:27.8375335Z","violationDetails":[]}}},"isAppComponentLibrary":false,"appType":"ClassicCanvasApp","appComponents":[]}}