{"name":"dd64b5ac-587f-4a2d-afb7-07b8ecd0de5d","id":"/providers/Microsoft.Flow/flows/dd64b5ac-587f-4a2d-afb7-07b8ecd0de5d","type":"Microsoft.Flow/flows","properties":{"apiId":"/providers/Microsoft.PowerApps/apis/shared_logicflows","displayName":"BARCreateRequests (v1_16)","definition":{"metadata":{"workflowEntityId":null,"flowclientsuspensionreason":"None","flowclientsuspensiontime":null,"creator":{"id":"2f5a1bf9-38aa-434c-9286-964a2e7b924d","type":"User","tenantId":"932109f9-aabe-4596-b44b-a90ac11eeb66"},"provisioningMethod":"FromDefinition","failureAlertSubscription":true,"clientLastModifiedTime":"2021-02-04T13:18:18.8305239Z"},"$schema":"https://schema.management.azure.com/providers/Microsoft.Logic/schemas/2016-06-01/workflowdefinition.json#","contentVersion":"1.0.0.0","parameters":{"$connections":{"defaultValue":{},"type":"Object"},"$authentication":{"defaultValue":{},"type":"SecureObject"}},"triggers":{"manual":{"type":"Request","kind":"PowerApp","inputs":{"schema":{"type":"object","properties":{"ParseJSON_Content":{"type":"any"},"InputRequests_Content":{"type":"any","x-ms-powerflows-param-ispartial":false},"INIReasonForAccess_Value":{"type":"string","description":"Enter initial value","x-ms-powerflows-param-ispartial":false}},"required":["ParseJSON_Content","InputRequests_Content","INIReasonForAccess_Value"]}}}},"actions":{"InputRequests":{"runAfter":{},"type":"ParseJson","inputs":{"content":"@triggerBody()['InputRequests_Content']","schema":{"type":"array","items":{"type":"object","properties":{"BuildingMaxOccupancy":{"type":"number"},"BuldingID":{"type":"integer"},"BuldingName":{"type":"string"},"DatePickerValue":{"type":"string"},"DateValue":{"type":"integer"},"FloorID":{"type":"integer"},"FloorName":{"type":"string"},"FloorTitle":{"type":"string"},"OverCapacity":{"type":"boolean"},"RequestorEmail":{"type":"string"},"RequestorName":{"type":"string"},"FloorHasApprover":{"type":"boolean"},"TableID":{"type":"number"},"FloorApproverEmail":{"type":["string","null"]}},"required":["BuildingMaxOccupancy","BuldingID","BuldingName","DatePickerValue","DateValue","FloorID","FloorName","FloorTitle","FloorHasApprover","OverCapacity","RequestorEmail","RequestorName"]}}}},"INIvarSiteURL":{"runAfter":{"Initialize_variable":["Succeeded"]},"type":"InitializeVariable","inputs":{"variables":[{"name":"varSiteURL","type":"string","value":"https://m365x257948.sharepoint.com/sites/BAR115/"}]}},"INIOutResponse":{"runAfter":{"INIvarSiteURL":["Succeeded"]},"type":"InitializeVariable","inputs":{"variables":[{"name":"OutResponse","type":"array","value":[]}]}},"INIRequestGuid":{"runAfter":{"INIOutResponse":["Succeeded"]},"type":"InitializeVariable","inputs":{"variables":[{"name":"RequestCollectionID","type":"string","value":"@{guid()}"}]}},"INIReasonForAccess":{"runAfter":{"INIRequestGuid":["Succeeded"]},"type":"InitializeVariable","inputs":{"variables":[{"name":"ReasonForAccess","type":"string","value":"@{triggerBody()['INIReasonForAccess_Value']}"}]}},"INIUserEmail":{"runAfter":{"INIReasonForAccess":["Succeeded"]},"type":"InitializeVariable","inputs":{"variables":[{"name":"UserEmail","type":"string","value":"@{first(body('InputRequests'))?['RequestorEmail']}"}]}},"Response":{"runAfter":{"Scope-CreateRequest":["Succeeded"]},"type":"Response","kind":"Http","inputs":{"statusCode":200,"body":"@variables('OutResponse')","schema":{"type":"array","items":{"type":"object","properties":{"InputRequest":{"type":"object","properties":{"BuldingID":{"type":"integer"},"DatePickerValue":{"type":"string"},"DateValue":{"type":"integer"},"FloorID":{"type":"integer"},"FloorTitle":{"type":"string"}}},"CreatedRequest":{"type":"object","properties":{"@@odata.etag":{"type":"string"},"ItemInternalId":{"type":"string"},"ID":{"type":"integer"},"Title":{"type":"string"},"BuildingID":{"type":"integer"},"FloorID":{"type":"integer"},"Status":{"type":"object","properties":{"@@odata.type":{"type":"string"},"Id":{"type":"integer"},"Value":{"type":"string"}}},"Status#Id":{"type":"integer"},"RequestDate":{"type":"string"},"DateValue":{"type":"integer"},"Requestor":{"type":"object","properties":{"@@odata.type":{"type":"string"},"Claims":{"type":"string"},"DisplayName":{"type":"string"},"Email":{"type":"string"},"Picture":{"type":"string"},"Department":{"type":"string"},"JobTitle":{"type":"string"}}},"Requestor#Claims":{"type":"string"},"Request_x0020_Collection_x0020_I":{"type":"string"},"Modified":{"type":"string"},"Created":{"type":"string"},"Author":{"type":"object","properties":{"@@odata.type":{"type":"string"},"Claims":{"type":"string"},"DisplayName":{"type":"string"},"Email":{"type":"string"},"Picture":{"type":"string"},"Department":{"type":"string"},"JobTitle":{"type":"string"}}},"Author#Claims":{"type":"string"},"Editor":{"type":"object","properties":{"@@odata.type":{"type":"string"},"Claims":{"type":"string"},"DisplayName":{"type":"string"},"Email":{"type":"string"},"Picture":{"type":"string"},"Department":{"type":"string"},"JobTitle":{"type":"string"}}},"Editor#Claims":{"type":"string"},"{Identifier}":{"type":"string"},"{IsFolder}":{"type":"boolean"},"{Thumbnail}":{"type":"object","properties":{"Large":{},"Medium":{},"Small":{}}},"{Link}":{"type":"string"},"{Name}":{"type":"string"},"{FilenameWithExtension}":{"type":"string"},"{Path}":{"type":"string"},"{FullPath}":{"type":"string"},"{HasAttachments}":{"type":"boolean"},"{VersionNumber}":{"type":"string"}}},"Success":{"type":"boolean"}}}}}},"INIRequestorExists":{"runAfter":{"INIUserEmail":["Succeeded"]},"type":"InitializeVariable","inputs":{"variables":[{"name":"varRequestorExists","type":"boolean"}]}},"INIManagerExists":{"runAfter":{"INIRequestorExists":["Succeeded"]},"type":"InitializeVariable","inputs":{"variables":[{"name":"varManagerExists","type":"boolean"}]}},"Check_Requestor_Exists":{"actions":{"Get_Requestor_Profile":{"runAfter":{},"metadata":{"flowSystemMetadata":{"swaggerOperationId":"UserProfile_V2"}},"type":"ApiConnection","inputs":{"host":{"connection":{"name":"@json(decodeBase64(triggerOutputs().headers['X-MS-APIM-Tokens']))['$connections']['shared_office365users_1']['connectionId']"},"api":{"runtimeUrl":"https://unitedstates-002.azure-apim.net/apim/office365users"}},"method":"get","path":"/codeless/v1.0/users/@{encodeURIComponent(variables('UserEmail'))}","authentication":{"type":"Raw","value":"@json(decodeBase64(triggerOutputs().headers['X-MS-APIM-Tokens']))['$ConnectionKey']"}}},"Set_varRequestorExists_True":{"runAfter":{"Get_Requestor_Profile":["Succeeded"]},"type":"SetVariable","inputs":{"name":"varRequestorExists","value":"@true"}},"Set_varRequestorExists_False":{"runAfter":{"Get_Requestor_Profile":["Failed"]},"type":"SetVariable","inputs":{"name":"varRequestorExists","value":"@false"}}},"runAfter":{"INIManagerExists":["Succeeded"]},"type":"Scope"},"Check_Manager_Exists":{"actions":{"Get_manager_(V2)":{"runAfter":{},"metadata":{"flowSystemMetadata":{"swaggerOperationId":"Manager_V2"}},"type":"ApiConnection","inputs":{"host":{"connection":{"name":"@json(decodeBase64(triggerOutputs().headers['X-MS-APIM-Tokens']))['$connections']['shared_office365users_1']['connectionId']"},"api":{"runtimeUrl":"https://unitedstates-002.azure-apim.net/apim/office365users"}},"method":"get","path":"/codeless/v1.0/users/@{encodeURIComponent(variables('UserEmail'))}/manager","authentication":{"type":"Raw","value":"@json(decodeBase64(triggerOutputs().headers['X-MS-APIM-Tokens']))['$ConnectionKey']"}}},"Set_varManagerExists_True":{"runAfter":{"Get_manager_(V2)":["Succeeded"]},"type":"SetVariable","inputs":{"name":"varManagerExists","value":"@true"}},"Set_varManagerExists_False":{"runAfter":{"Get_manager_(V2)":["Failed"]},"type":"SetVariable","inputs":{"name":"varManagerExists","value":"@false"}}},"runAfter":{"Check_Requestor_Exists":["Succeeded","Failed"]},"type":"Scope"},"Scope-CreateRequest":{"actions":{"ForEachRequests":{"foreach":"@body('InputRequests')","actions":{"AppendtoOutputResponse":{"runAfter":{"CreateRequests":["Succeeded"]},"type":"AppendToArrayVariable","inputs":{"name":"OutResponse","value":{"InputRequest":"@items('ForEachRequests')","CreatedRequest":"@body('CreateRequests')","Success":true}}},"CreateRequests":{"runAfter":{"Get_Space_Approver_Profile":["Succeeded"]},"metadata":{"flowSystemMetadata":{"swaggerOperationId":"PostItem"}},"type":"ApiConnection","inputs":{"host":{"connection":{"name":"@json(decodeBase64(triggerOutputs().headers['X-MS-APIM-Tokens']))['$connections']['shared_sharepointonline_1']['connectionId']"},"api":{"runtimeUrl":"https://unitedstates-002.azure-apim.net/apim/sharepointonline"}},"method":"post","body":{"Title":"@items('ForEachRequests')['BuldingName']","Request_x0020_Collection_x0020_I":"@variables('RequestCollectionID')","SpaceName":"@items('ForEachRequests')['FloorName']","AccessKey":"@{rand(100000, 999999)}","RequestorNameText":"@items('ForEachRequests')['RequestorName']","RequestorGuid":"@if(equals(variables('varRequestorExists'),true),body('Get_Requestor_Profile')?['id'],'')","ApproverNameText":"@if(items('ForEachRequests')['FloorHasApprover'],body('Get_Space_Approver_Profile')?['displayName'], \r\nif(equals(variables('varManagerExists'),true),body('Get_manager_(V2)')?['displayName'],''))","ApproverGuid":"@if(items('ForEachRequests')['FloorHasApprover'],body('Get_Space_Approver_Profile')?['id'], \r\nif(equals(variables('varManagerExists'),true),body('Get_manager_(V2)')?['id'],''))","BuildingID":"@items('ForEachRequests')['BuldingID']","TableID":"@items('ForEachRequests')?['TableID']","FloorID":"@items('ForEachRequests')['FloorID']","DateValue":"@items('ForEachRequests')['DateValue']","Active":1,"RequestReason":"@variables('ReasonForAccess')","Status":{"Value":"@{if(equals(items('ForEachRequests')?['OverCapacity'],true),'Pending Approval','Approved')}"},"RequestorNotificationSent":false,"AutoApproved":"@if(equals(items('ForEachRequests')?['OverCapacity'],true),false,true)","RequestDate":"@items('ForEachRequests')['DatePickerValue']","Requestor":{"Claims":"@items('ForEachRequests')['RequestorEmail']"},"Approver":{"Claims":"@if(items('ForEachRequests')['FloorHasApprover'],items('ForEachRequests')['FloorApproverEmail'], if(equals(variables('varManagerExists'),true),body('Get_manager_(V2)')?['mail'],null))"}},"path":"/datasets/@{encodeURIComponent(encodeURIComponent(variables('varSiteURL')))}/tables/@{encodeURIComponent(encodeURIComponent('BAR_Requests'))}/items","authentication":{"type":"Raw","value":"@json(decodeBase64(triggerOutputs().headers['X-MS-APIM-Tokens']))['$ConnectionKey']"}}},"Set_variable":{"runAfter":{},"type":"SetVariable","inputs":{"name":"Test","value":"@{if(items('ForEachRequests')['FloorHasApprover'],items('ForEachRequests')['FloorApproverEmail'], \r\nif(variables('varManagerExists'),body('Get_manager_(V2)')?['mail'], variables('UserEmail')))}"}},"Get_Space_Approver_Profile":{"runAfter":{"Set_variable":["Succeeded"]},"metadata":{"flowSystemMetadata":{"swaggerOperationId":"UserProfile_V2"}},"type":"ApiConnection","inputs":{"host":{"connection":{"name":"@json(decodeBase64(triggerOutputs().headers['X-MS-APIM-Tokens']))['$connections']['shared_office365users_1']['connectionId']"},"api":{"runtimeUrl":"https://unitedstates-002.azure-apim.net/apim/office365users"}},"method":"get","path":"/codeless/v1.0/users/@{encodeURIComponent(if(items('ForEachRequests')['FloorHasApprover'],items('ForEachRequests')['FloorApproverEmail'], if(variables('varManagerExists'),body('Get_manager_(V2)')?['mail'], variables('UserEmail'))))}","authentication":{"type":"Raw","value":"@json(decodeBase64(triggerOutputs().headers['X-MS-APIM-Tokens']))['$ConnectionKey']"}}}},"runAfter":{},"type":"Foreach"}},"runAfter":{"Check_Manager_Exists":["Succeeded","Failed"]},"type":"Scope"},"Initialize_variable":{"runAfter":{"InputRequests":["Succeeded"]},"type":"InitializeVariable","inputs":{"variables":[{"name":"Test","type":"string"}]}}},"outputs":{},"description":"Create one or more actions to happen when a button or link in PowerApps is selected. To use this flow from a PowerApp, select the control you want to trigger the flow and go to the Action tab in the PowerApps ribbon and select Flows."},"connectionReferences":{"shared_office365users_1":{"connectionName":"1dd71410f6454cf8877d3a4be8735047","source":"Invoker","id":"/providers/Microsoft.PowerApps/apis/shared_office365users","tier":"NotSpecified"},"shared_sharepointonline_1":{"connectionName":"00cea777617c497cb71ad9307227b2f5","source":"Invoker","id":"/providers/Microsoft.PowerApps/apis/shared_sharepointonline","tier":"NotSpecified"}},"flowFailureAlertSubscribed":false}}