{"name":"e80c2779-37fe-4e65-af53-32fd911a4d29","id":"/providers/Microsoft.Flow/flows/e80c2779-37fe-4e65-af53-32fd911a4d29","type":"Microsoft.Flow/flows","properties":{"apiId":"/providers/Microsoft.PowerApps/apis/shared_logicflows","displayName":"BARNotifyRequestor (v1_16) - PTB","definition":{"metadata":{"workflowEntityId":null,"flowclientsuspensionreason":"None","flowclientsuspensiontime":null,"creator":{"id":"2f5a1bf9-38aa-434c-9286-964a2e7b924d","type":"User","tenantId":"932109f9-aabe-4596-b44b-a90ac11eeb66"},"provisioningMethod":"FromDefinition","failureAlertSubscription":true,"clientLastModifiedTime":"2021-02-04T15:02:56.8023027Z"},"$schema":"https://schema.management.azure.com/providers/Microsoft.Logic/schemas/2016-06-01/workflowdefinition.json#","contentVersion":"1.0.0.0","parameters":{"$connections":{"defaultValue":{},"type":"Object"},"$authentication":{"defaultValue":{},"type":"SecureObject"}},"triggers":{"Request_was_approved_and_need_notification":{"recurrence":{"frequency":"Minute","interval":1},"splitOn":"@triggerOutputs()?['body/value']","metadata":{"flowSystemMetadata":{"swaggerOperationId":"GetOnUpdatedItems"}},"type":"ApiConnection","inputs":{"host":{"connection":{"name":"@parameters('$connections')['shared_sharepointonline']['connectionId']"},"api":{"runtimeUrl":"https://unitedstates-002.azure-apim.net/apim/sharepointonline"}},"method":"get","path":"/datasets/@{encodeURIComponent(encodeURIComponent('https://m365x257948.sharepoint.com/sites/BAR115/'))}/tables/@{encodeURIComponent(encodeURIComponent('bfe327b1-5d6a-4b82-9c37-5260ed5f97b8'))}/onupdateditems","authentication":"@parameters('$authentication')"},"conditions":[{"expression":"@equals(triggerOutputs()?['body/RequestorNotificationSent'],false)"},{"expression":"@equals(triggerOutputs()?['body/Status']?['Value'],'Approved')"}]}},"actions":{"Send_an_email_to_the_requestor":{"runAfter":{"Post_your_the_adaptive_card_to_the_requestor":["Succeeded"]},"type":"OpenApiConnection","inputs":{"host":{"apiId":"/providers/Microsoft.PowerApps/apis/shared_office365","connectionName":"shared_office365_1","operationId":"SendEmailV2"},"parameters":{"emailMessage/To":"@triggerOutputs()?['body/Requestor/Email']","emailMessage/Subject":"Sua solicitação para o dia @{formatDateTime(triggerOutputs()?['body/RequestDate'],'dd/MM/yyyy')} foi aprovada!","emailMessage/Body":"<p>Sua solicitação foi <b>aprovada</b>!<br>\n<br>\nSeu passe <b>@{triggerOutputs()?['body/Title']}</b> para o dia <b>@{formatDateTime(triggerOutputs()?['body/RequestDate'],'dd/MM/yyyy')}</b> é <b>@{triggerOutputs()?['body/AccessKey']}</b>.  Se necessário, apresente o código QR abaixo para a segurança patrimonial quando chegar. \n<br>\n<img src=\"https://chart.googleapis.com/chart?cht=qr&chs=300x300&chl=@{triggerOutputs()?['body/AccessKey']}\">\n<br>\n@{replace(replace(variables('varTableMessage'), ' **',' <b>'),'** ','</b> ')}\n</p>"},"authentication":"@parameters('$authentication')"}},"Post_your_the_adaptive_card_to_the_requestor":{"runAfter":{"Condition":["Succeeded"]},"type":"OpenApiConnection","inputs":{"host":{"apiId":"/providers/Microsoft.PowerApps/apis/shared_teams","connectionName":"shared_teams","operationId":"PostUserAdaptiveCard"},"parameters":{"PostAdaptiveCardRequest/recipient/to":"@{triggerOutputs()?['body/Requestor/Email']};","PostAdaptiveCardRequest/messageBody":"{\n    \"$schema\": \"http://adaptivecards.io/schemas/adaptive-card.json\",\n    \"type\": \"AdaptiveCard\",\n    \"version\": \"1.2\",\n    \"body\": [\n        {\n            \"type\": \"TextBlock\",\n            \"text\": \"A sua solicitação para @{formatDateTime(triggerOutputs()?['body/RequestDate'],'dd/MM/yyyy')} foi **aprovada**!\",\n            \"size\": \"Large\",\n            \"wrap\": true\n        },\n        {\n            \"type\": \"TextBlock\",\n            \"text\": \"O seu passe para **@{triggerOutputs()?['body/Title']}** em **@{formatDateTime(triggerOutputs()?['body/RequestDate'],'dd/MM/yyyy')}** é **@{triggerOutputs()?['body/AccessKey']}**. \",\n            \"size\": \"Medium\",\n            \"weight\": \"Lighter\",\n            \"spacing\": \"Medium\",\n            \"height\": \"stretch\",\n            \"wrap\": true\n        },\n        {\n            \"type\": \"TextBlock\",\n            \"text\": \"Se solicitado, apresente o código QR abaixo para a segurança patrimonial quando você chegar.\",\n            \"spacing\": \"Medium\",\n            \"height\": \"stretch\",\n            \"size\": \"Medium\",\n            \"weight\": \"Lighter\",\n            \"wrap\": true\n        },\n        {\n            \"type\": \"Image\",\n            \"url\": \"https://chart.googleapis.com/chart?cht=qr&chs=300x300&chl=@{triggerOutputs()?['body/AccessKey']}\",\n            \"altText\": \"QR Code\",\n            \"horizontalAlignment\": \"Center\"\n        },\n        {\n            \"type\": \"TextBlock\",\n            \"text\": \"@{variables('varTableMessage')}\",\n            \"size\": \"Medium\",\n            \"weight\": \"Lighter\",\n            \"wrap\": true,\n            \"height\": \"stretch\"\n        }\n    ]\n}","PostAdaptiveCardRequest/recipient/isAlert":true},"authentication":"@parameters('$authentication')"}},"Initialize_varSiteUrl":{"runAfter":{},"type":"InitializeVariable","inputs":{"variables":[{"name":"varSiteUrl","type":"string","value":"https://m365x257948.sharepoint.com/sites/BAR115/"}]}},"Update_the_request_with_RequestorNotificationSent":{"runAfter":{"Send_an_email_to_the_requestor":["Succeeded"]},"type":"OpenApiConnection","inputs":{"host":{"apiId":"/providers/Microsoft.PowerApps/apis/shared_sharepointonline","connectionName":"shared_sharepointonline","operationId":"PatchItem"},"parameters":{"dataset":"@variables('varSiteUrl')","table":"BAR_Requests","id":"@triggerOutputs()?['body/ID']","item":{"Title":"@triggerBody()?['Title']","RequestorNotificationSent":true}},"authentication":"@parameters('$authentication')"}},"Condition":{"actions":{"Get_the_Table_Data_to_Notify_Requestor":{"runAfter":{},"type":"OpenApiConnection","inputs":{"host":{"apiId":"/providers/Microsoft.PowerApps/apis/shared_sharepointonline","connectionName":"shared_sharepointonline","operationId":"GetItems"},"parameters":{"dataset":"@variables('varSiteUrl')","table":"BAR_SpacesMap","$filter":"ID eq '@{triggerOutputs()?['body/TableID']}'"},"authentication":"@parameters('$authentication')"}},"Parse_JSON":{"runAfter":{"Get_the_Table_Data_to_Notify_Requestor":["Succeeded"]},"type":"ParseJson","inputs":{"content":"@outputs('Get_the_Table_Data_to_Notify_Requestor')?['body/value']","schema":{"type":"array","items":{"type":"object","properties":{"@@odata.etag":{"type":"string"},"ItemInternalId":{"type":"string"},"ID":{"type":"integer"},"Title":{"type":"string"},"Available":{"type":"boolean"},"Code":{"type":"string"},"SpaceID":{"type":"integer"},"Modified":{"type":"string"},"Created":{"type":"string"},"Author":{"type":"object","properties":{"@@odata.type":{"type":"string"},"Claims":{"type":"string"},"DisplayName":{"type":"string"},"Email":{"type":"string"},"Picture":{"type":"string"},"Department":{},"JobTitle":{}}},"Author#Claims":{"type":"string"},"Editor":{"type":"object","properties":{"@@odata.type":{"type":"string"},"Claims":{"type":"string"},"DisplayName":{"type":"string"},"Email":{"type":"string"},"Picture":{"type":"string"},"Department":{},"JobTitle":{}}},"Editor#Claims":{"type":"string"},"{Identifier}":{"type":"string"},"{IsFolder}":{"type":"boolean"},"{Thumbnail}":{"type":"object","properties":{"Large":{},"Medium":{},"Small":{}}},"{Link}":{"type":"string"},"{Name}":{"type":"string"},"{FilenameWithExtension}":{"type":"string"},"{Path}":{"type":"string"},"{FullPath}":{"type":"string"},"{HasAttachments}":{"type":"boolean"},"{VersionNumber}":{"type":"string"}},"required":["@@odata.etag","ItemInternalId","ID","Title","Available","Code","SpaceID","Modified","Created","Author","Author#Claims","Editor","Editor#Claims","{Identifier}","{IsFolder}","{Thumbnail}","{Link}","{Name}","{FilenameWithExtension}","{Path}","{FullPath}","{HasAttachments}","{VersionNumber}"]}}}},"Apply_to_each":{"foreach":"@body('Parse_JSON')","actions":{"Set_variable":{"runAfter":{},"type":"SetVariable","inputs":{"name":"varTableMessage","value":"Você também reservou o espaço **@{items('Apply_to_each')['Title']}** com código  **@{items('Apply_to_each')['Code']}** . Ele está localizado em **@{triggerOutputs()?['body/SpaceName']}**  no(a) **@{triggerOutputs()?['body/Title']}** . Se necessário, escaneie o código QR disponível no espaço para confirmar a utilização. \n\nObrigado!!"}}},"runAfter":{"Parse_JSON":["Succeeded"]},"type":"Foreach"}},"runAfter":{"Initialize_varTableMessage":["Succeeded"]},"else":{"actions":{"Set_variable_varTableMessage_(no_Table_data)":{"runAfter":{},"type":"SetVariable","inputs":{"name":"varTableMessage","value":"Obrigado!!"}}}},"expression":{"greater":["@triggerOutputs()?['body/TableID']",0]},"type":"If"},"Initialize_varTableMessage":{"runAfter":{"Initialize_varSiteUrl":["Succeeded"]},"type":"InitializeVariable","inputs":{"variables":[{"name":"varTableMessage","type":"string"}]}}}},"connectionReferences":{"shared_sharepointonline":{"connectionName":"00cea777617c497cb71ad9307227b2f5","source":"Embedded","id":"/providers/Microsoft.PowerApps/apis/shared_sharepointonline","tier":"NotSpecified"},"shared_office365_1":{"connectionName":"shared-office365-66d9e04f-778b-4dde-933f-bb18-9851030a","source":"Embedded","id":"/providers/Microsoft.PowerApps/apis/shared_office365","tier":"NotSpecified"},"shared_teams":{"connectionName":"shared-teams-5e13e669-189c-4e2a-b7b7-3c4a7113cf99","source":"Embedded","id":"/providers/Microsoft.PowerApps/apis/shared_teams","tier":"NotSpecified"}},"flowFailureAlertSubscribed":false}}