{"schemaVersion":"1.0","appDefinitionTemplate":{"id":"/providers/Microsoft.PowerApps/apps/","type":"Microsoft.PowerApps/apps","tags":{"primaryDeviceWidth":"640","primaryDeviceHeight":"1136","sienaVersion":"20200903T041740Z-3.20083.24.0","deviceCapabilities":"webcam","supportsPortrait":"true","supportsLandscape":"false","primaryFormFactor":"Phone","publisherVersion":"3.20083.24","minimumRequiredApiVersion":"2.2.0","hasComponent":"true","hasUnlockedComponent":"true","isUnifiedRootApp":"false"},"properties":{"appVersion":"2020-09-03T04:17:40Z","lifeCycleId":"Published","createdByClientVersion":{"major":3,"minor":20083,"build":24,"revision":0,"majorRevision":0,"minorRevision":0},"minClientVersion":{"major":3,"minor":20083,"build":24,"revision":0,"majorRevision":0,"minorRevision":0},"backgroundColor":"rgba(0, 138, 0, 1)","backgroundImageUri":"/13759913630472904933/N2a4c24b8-1e93-4e89-b6b0-41ccce707424-logoSmallFile","displayName":"Building Security (v1_15)","description":"","commitMessage":"","appUris":{"documentUri":{"value":"/13759913630472904933/Nfa1a5a1b-4170-4b77-b4c8-a189342752d5-document.msapp","readonlyValue":"/13759913630472904933/Nfa1a5a1b-4170-4b77-b4c8-a189342752d5-document.msapp"},"imageUris":[]},"createdTime":"0001-01-01T00:00:00Z","lastModifiedTime":"0001-01-01T00:00:00Z","sharedGroupsCount":0,"sharedUsersCount":0,"icons":{"smallIconUri":"/13759913630472904933/N9da376cb-1cc8-4ee4-bf09-9749bab2cb02-small.png","mediumIconUri":"/13759913630472904933/N2b619c37-9652-433f-b0b1-17d7b2cb6f97-medium.png","largeIconUri":"/13759913630472904933/N63dd797a-7dd3-4eea-9b5c-42e8b6893a56-large.png","wideIconUri":"/13759913630472904933/N2f46bbca-59f9-4a8d-bbca-4a821f27a7e7-wide.png"},"connectionReferences":{"a85136af-8df5-414d-87dc-5e905e932008":{"id":"3264bd04-25c6-44b9-b38d-87c0c5aa4f9b","displayName":"Office 365 Users","iconUri":"https://connectoricons-prod.azureedge.net/releases/v1.0.1385/1.0.1385.2110/office365users/icon.png","dataSources":["Office365Users"],"dependencies":[],"dependents":[],"parameterHints":{},"isOnPremiseConnection":false,"bypassConsent":false,"dataSets":{},"apiTier":"Standard","isCustomApiConnection":false},"47a4ea09-2334-423d-9e50-36960f75e115":{"id":"0863d348-4e0e-4baf-97e1-47272be23850","displayName":"Microsoft Teams","iconUri":"https://connectoricons-prod.azureedge.net/releases/v1.0.1386/1.0.1386.2112/teams/icon.png","dataSources":["MicrosoftTeams"],"dependencies":[],"dependents":[],"parameterHints":{},"isOnPremiseConnection":false,"bypassConsent":false,"dataSets":{},"apiTier":"Standard","isCustomApiConnection":false},"795455bc-0993-471f-b4e0-bcb218556912":{"id":"911436a8-8a58-4b4a-b0d8-74da3ee2e071","displayName":"SharePoint","iconUri":"https://connectoricons-prod.azureedge.net/releases/v1.0.1389/1.0.1389.2117/sharepointonline/icon.png","dataSources":["BAR_SafetyPrecautions","BAR_AppSettings","BAR_Buildings","BAR_KeyQuestionAnswers","BAR_KeyQuestions","BAR_Requests","BAR_Spaces"],"dependencies":[],"dependents":[],"parameterHints":{},"isOnPremiseConnection":false,"bypassConsent":false,"dataSets":{"https://m365x706011.sharepoint.com/sites/BAR11":{"dataSources":{"BAR_SafetyPrecautions":{"tableName":"07485ec9-8ad1-4ae6-bbdd-0f88c651045a"}}},"https://m365x706011.sharepoint.com/sites/BAR115/":{"dataSources":{"BAR_AppSettings":{"tableName":"ecdcd7ed-7521-44ae-b1a4-bdd94eba8af4"},"BAR_Buildings":{"tableName":"0e630440-4a57-4cb2-8dcd-db8f2f6d7c3f"},"BAR_KeyQuestionAnswers":{"tableName":"2a3d47b7-0f3a-4eb5-96b4-7009316adc0e"},"BAR_KeyQuestions":{"tableName":"13240826-c94a-4254-b3fe-404e1ebcb7a0"},"BAR_Requests":{"tableName":"8d79df92-e872-4e89-bd66-bd6185805ce8"},"BAR_SafetyPrecautions":{"tableName":"9144c655-0078-450b-8aee-2309dc5303fd"},"BAR_Spaces":{"tableName":"3759baa3-e0f5-4f5e-b987-fee9c9ad87dc"}}}},"apiTier":"Standard","isCustomApiConnection":false}},"databaseReferences":{},"almMode":"Environment","performanceOptimizationEnabled":true,"canConsumeAppPass":true},"isAppComponentLibrary":false,"appType":"ClassicCanvasApp","appComponents":[]}}