{"schemaVersion":"1.0","appDefinitionTemplate":{"id":"/providers/Microsoft.PowerApps/apps/","type":"Microsoft.PowerApps/apps","tags":{"primaryDeviceWidth":"640","primaryDeviceHeight":"1136","sienaVersion":"20210309T165455Z-3.21024.25.0","deviceCapabilities":"","supportsPortrait":"true","supportsLandscape":"false","primaryFormFactor":"Phone","publisherVersion":"3.21024.25","minimumRequiredApiVersion":"2.2.0","hasComponent":"true","hasUnlockedComponent":"true","isUnifiedRootApp":"false"},"properties":{"appVersion":"2021-03-09T16:54:55Z","lifeCycleId":"Published","createdByClientVersion":{"major":3,"minor":21024,"build":25,"revision":0,"majorRevision":0,"minorRevision":0},"minClientVersion":{"major":3,"minor":21024,"build":25,"revision":0,"majorRevision":0,"minorRevision":0},"backgroundColor":"rgba(0, 138, 0, 1)","backgroundImageUri":"/226191736147947363/N0e173042-9931-4f5c-9b94-948805862003-logoSmallFile","displayName":"Building Access (v1_16)","description":"","commitMessage":"","appUris":{"documentUri":{"value":"/226191736147947363/Ncbb2e734-f743-4555-a6e9-b6c97c1ceab0-document.msapp"},"imageUris":[]},"createdTime":"0001-01-01T00:00:00Z","lastModifiedTime":"0001-01-01T00:00:00Z","sharedGroupsCount":0,"sharedUsersCount":0,"icons":{"smallIconUri":"/226191736147947363/Na7314819-5766-4a58-8371-8a9278117893-small.png","mediumIconUri":"/226191736147947363/N8eb71412-1185-4558-a8c7-110580f94a69-medium.png","largeIconUri":"/226191736147947363/N61291e4a-2e92-4305-8c87-301a5d4454d6-large.png","wideIconUri":"/226191736147947363/Neb33e96b-d837-4d8d-a649-f5aee58a021d-wide.png"},"connectionReferences":{"a85136af-8df5-414d-87dc-5e905e932008":{"id":"33efb02c-7562-4196-8f73-d22d4628ed4e","displayName":"Office 365 Users","iconUri":"https://connectoricons-prod.azureedge.net/releases/v1.0.1430/1.0.1430.2296/office365users/icon.png","dataSources":["Office365Users"],"dependencies":[],"dependents":["31b31aa7-086e-4984-88b4-74b69d67f81a"],"parameterHints":{},"isOnPremiseConnection":false,"bypassConsent":false,"dataSets":{},"apiTier":"Standard","isCustomApiConnection":false,"actions":["MyProfileV2","UserPhotoMetadata","UserPhotoV2","ManagerV2","UserProfileV2","SearchUser"]},"f7e9b7d0-887b-409e-aa31-cadb387f0d03":{"id":"8f349074-5d2d-42cb-8dff-d88a35b4b3b5","displayName":"SharePoint","iconUri":"https://connectoricons-prod.azureedge.net/releases/v1.0.1441/1.0.1441.2334/sharepointonline/icon.png","dataSources":["BAR_AppSettings","BAR_Buildings","BAR_KeyQuestionAnswers","BAR_KeyQuestions","BAR_Requests","BAR_SafetyPrecautions","BAR_Spaces","BAR_SpacesMap","BAR_SuperUsers"],"dependencies":[],"dependents":["31b31aa7-086e-4984-88b4-74b69d67f81a"],"parameterHints":{},"isOnPremiseConnection":false,"bypassConsent":false,"dataSets":{"https://m365x257948.sharepoint.com/sites/BAR115/":{"dataSources":{"BAR_AppSettings":{"tableName":"81fed6d3-7d9f-4a93-9c45-0d13cf246e2b"},"BAR_Buildings":{"tableName":"f3dba4db-e7e2-46d3-b0ae-8872b93e4921"},"BAR_KeyQuestionAnswers":{"tableName":"89927931-bd5a-4133-ba60-8fb6dac832ad"},"BAR_KeyQuestions":{"tableName":"f4b8f4be-cd8c-4fd2-a219-a7d159e963d4"},"BAR_Requests":{"tableName":"bfe327b1-5d6a-4b82-9c37-5260ed5f97b8"},"BAR_SafetyPrecautions":{"tableName":"037db6b5-6d00-4210-bfe8-c9823e8d0490"},"BAR_Spaces":{"tableName":"edc094c4-fa9b-45f0-8224-6c3b8447759b"},"BAR_SpacesMap":{"tableName":"895404e4-4e9e-49d3-a9c8-388866f83f46"},"BAR_SuperUsers":{"tableName":"f6ffda8c-99c1-4257-97a7-5bde8418c20a"}}}},"apiTier":"Standard","isCustomApiConnection":false},"31b31aa7-086e-4984-88b4-74b69d67f81a":{"id":"d79f5cfa-b676-457f-b6c7-f9c1d6dc4929","displayName":"Logic flows","iconUri":"https://connectoricons-prod.azureedge.net/releases/v1.0.1438/1.0.1438.2324/logicflows/icon.png","dataSources":["BARCreateRequests(v1_16)"],"dependencies":["a85136af-8df5-414d-87dc-5e905e932008","f7e9b7d0-887b-409e-aa31-cadb387f0d03"],"dependents":[],"parameterHints":{"workflowName":{"value":"28527647-09a5-465a-a0e1-9532247192eb"},"a85136af-8df5-414d-87dc-5e905e932008":{"value":"shared_office365users_1"},"f7e9b7d0-887b-409e-aa31-cadb387f0d03":{"value":"shared_sharepointonline_1"}},"isOnPremiseConnection":false,"bypassConsent":false,"dataSets":{},"apiTier":"Standard","isCustomApiConnection":false,"actions":["Run"]}},"databaseReferences":{},"almMode":"Environment","performanceOptimizationEnabled":true,"canConsumeAppPass":true,"executionRestrictions":{"isTeamsOnly":false,"dataLossPreventionEvaluationResult":{"status":"Compliant","lastEvaluationDate":"2021-02-04T12:41:28.912964Z","violationDetails":[]}}},"isAppComponentLibrary":false,"appType":"ClassicCanvasApp","appComponents":[]}}