{"name":"44268987-2102-4355-8c76-0e21672c441e","id":"/providers/Microsoft.Flow/flows/44268987-2102-4355-8c76-0e21672c441e","type":"Microsoft.Flow/flows","properties":{"apiId":"/providers/Microsoft.PowerApps/apis/shared_logicflows","displayName":"BARUploadMapImage","definition":{"metadata":{"workflowEntityId":null,"flowclientsuspensionreason":"None","flowclientsuspensiontime":null,"creator":{"id":"9ffa9400-4d06-41a2-bbea-39a3303a4637","type":"User","tenantId":"3786beaf-26e4-402c-94ac-4c3c2f1044ab"},"provisioningMethod":"FromDefinition","failureAlertSubscription":true,"clientLastModifiedTime":"2020-09-09T17:31:23.931171Z"},"$schema":"https://schema.management.azure.com/providers/Microsoft.Logic/schemas/2016-06-01/workflowdefinition.json#","contentVersion":"1.0.0.0","parameters":{"$connections":{"defaultValue":{},"type":"Object"},"$authentication":{"defaultValue":{},"type":"SecureObject"}},"triggers":{"manual":{"type":"Request","kind":"PowerApp","inputs":{"schema":{"type":"object","properties":{"ParseJSON_Content":{"type":"any","x-ms-powerflows-param-ispartial":false}},"required":["ParseJSON_Content"]}}}},"actions":{"Parse_JSON":{"runAfter":{},"type":"ParseJson","inputs":{"content":"@triggerBody()['ParseJSON_Content']","schema":{"type":"array","items":{"type":"object","properties":{"Name":{"type":"string"},"Pic":{"type":"string"}},"required":["Name","Pic"]}}}},"Apply_to_each":{"foreach":"@body('Parse_JSON')","actions":{"Create_file":{"runAfter":{},"type":"OpenApiConnection","inputs":{"host":{"apiId":"/providers/Microsoft.PowerApps/apis/shared_sharepointonline","connectionName":"shared_sharepointonline","operationId":"CreateFile"},"parameters":{"dataset":"https://m365x706011.sharepoint.com/sites/BAR115","folderPath":"/SiteAssets","name":"@items('Apply_to_each')['Name']","body":"@decodeDataUri(item()['Pic'])"},"authentication":{"value":"@json(decodeBase64(triggerOutputs().headers['X-MS-APIM-Tokens']))['$ConnectionKey']","type":"Raw"}},"runtimeConfiguration":{"contentTransfer":{"transferMode":"Chunked"}}}},"runAfter":{"Parse_JSON":["Succeeded"]},"type":"Foreach"}},"outputs":{},"description":"Create one or more actions to happen when a button or link in PowerApps is selected. To use this flow from a PowerApp, select the control you want to trigger the flow and go to the Action tab in the PowerApps ribbon and select Flows."},"connectionReferences":{"shared_sharepointonline":{"connectionName":"0eed0213aca64b8b9658c0212ac2acf6","source":"Invoker","id":"/providers/Microsoft.PowerApps/apis/shared_sharepointonline","tier":"NotSpecified"}},"flowFailureAlertSubscribed":false}}