{"name":"788fd7bd-163c-4390-b039-97c4575f5936","id":"/providers/Microsoft.Flow/flows/788fd7bd-163c-4390-b039-97c4575f5936","type":"Microsoft.Flow/flows","properties":{"apiId":"/providers/Microsoft.PowerApps/apis/shared_logicflows","displayName":"BARNotifyApprover (v1_16) - PTB","definition":{"metadata":{"workflowEntityId":null,"flowclientsuspensionreason":"None","flowclientsuspensiontime":null,"creator":{"id":"2f5a1bf9-38aa-434c-9286-964a2e7b924d","type":"User","tenantId":"932109f9-aabe-4596-b44b-a90ac11eeb66"},"provisioningMethod":"FromDefinition","failureAlertSubscription":true,"clientLastModifiedTime":"2021-02-04T13:34:35.3621185Z"},"$schema":"https://schema.management.azure.com/providers/Microsoft.Logic/schemas/2016-06-01/workflowdefinition.json#","contentVersion":"1.0.0.0","parameters":{"$connections":{"defaultValue":{},"type":"Object"},"$authentication":{"defaultValue":{},"type":"SecureObject"}},"triggers":{"Request":{"recurrence":{"frequency":"Minute","interval":1},"splitOn":"@triggerBody()?['value']","metadata":{"flowSystemMetadata":{"swaggerOperationId":"GetOnUpdatedItems"}},"type":"ApiConnection","inputs":{"host":{"connection":{"name":"@parameters('$connections')['shared_sharepointonline']['connectionId']"},"api":{"runtimeUrl":"https://unitedstates-002.azure-apim.net/apim/sharepointonline"}},"method":"get","path":"/datasets/@{encodeURIComponent(encodeURIComponent('https://m365x257948.sharepoint.com/sites/BAR115/'))}/tables/@{encodeURIComponent(encodeURIComponent('bfe327b1-5d6a-4b82-9c37-5260ed5f97b8'))}/onupdateditems","authentication":"@parameters('$authentication')"},"conditions":[{"expression":"@equals(triggerBody()?['Status']?['Value'],'Pending Approval')"},{"expression":"@equals(triggerBody()?['AutoApproved'],false)"}]}},"actions":{"Switch":{"runAfter":{"ComposeResponse":["Succeeded"]},"cases":{"Approved":{"case":"approve","actions":{"MarkApproved":{"runAfter":{"Set_varMessage_Approve":["Succeeded"]},"metadata":{"flowSystemMetadata":{"swaggerOperationId":"PatchItem"}},"type":"ApiConnection","inputs":{"host":{"connection":{"name":"@parameters('$connections')['shared_sharepointonline']['connectionId']"},"api":{"runtimeUrl":"https://unitedstates-002.azure-apim.net/apim/sharepointonline"}},"method":"patch","body":{"Title":"@triggerBody()?['Title']","Status":{"Value":"Approved"},"Active":1,"RequestorNotificationSent":false},"path":"/datasets/@{encodeURIComponent(encodeURIComponent(variables('varSiteUrl')))}/tables/@{encodeURIComponent(encodeURIComponent('BAR_Requests'))}/items/@{encodeURIComponent(triggerBody()?['ID'])}","authentication":"@parameters('$authentication')"}},"Set_varMessage_Approve":{"runAfter":{},"type":"SetVariable","inputs":{"name":"varMessage","value":"@{triggerBody()?['RequestDate']} - @{triggerBody()?['Title']} - @{triggerBody()?['SpaceName']}"}}}},"Rejected":{"case":"reject","actions":{"MarkRejected":{"runAfter":{"Set_varMessage_Rejected":["Succeeded"]},"metadata":{"flowSystemMetadata":{"swaggerOperationId":"PatchItem"}},"type":"ApiConnection","inputs":{"host":{"connection":{"name":"@parameters('$connections')['shared_sharepointonline']['connectionId']"},"api":{"runtimeUrl":"https://unitedstates-002.azure-apim.net/apim/sharepointonline"}},"method":"patch","body":{"Title":"@triggerBody()?['Title']","Status":{"Value":"Rejected"},"RejectionReason":"@outputs('ComposeRejectionComments')","Active":0,"RequestorNotificationSent":true},"path":"/datasets/@{encodeURIComponent(encodeURIComponent(variables('varSiteUrl')))}/tables/@{encodeURIComponent(encodeURIComponent('BAR_Requests'))}/items/@{encodeURIComponent(triggerBody()?['ID'])}","authentication":"@parameters('$authentication')"}},"ComposeRejectionComments":{"runAfter":{},"type":"Compose","inputs":"@If(empty(triggerBody()?['Approver']?['Email']),body('ResponseAdmin')?['data']?['RejectCommentID'],body('Response')?['data']?['RejectCommentID'])"},"Set_varMessage_Rejected":{"runAfter":{"ComposeRejectionComments":["Succeeded"]},"type":"SetVariable","inputs":{"name":"varMessage","value":"@{triggerBody()?['RequestDate']} - @{triggerBody()?['Title']} - @{triggerBody()?['SpaceName']}\nReason:\n@{outputs('ComposeRejectionComments')}"}}}}},"default":{"actions":{}},"expression":"@outputs('ComposeResponse')","type":"Switch"},"StillPendingApproval":{"actions":{},"runAfter":{"CheckIfManagerExists":["Succeeded"]},"else":{"actions":{"Terminate_2":{"runAfter":{},"type":"Terminate","inputs":{"runStatus":"Succeeded"}}}},"expression":{"equals":["@triggerBody()?['Status']?['Value']","Pending Approval"]},"type":"If"},"CheckIfManagerExists":{"actions":{"ApprovalCard":{"runAfter":{},"limit":{"timeout":"@concat('P',Div(sub(ticks(formatDateTime(addDays(formatDateTime(triggerBody()?['RequestDate'],'yyyy-MM-dd'),1),'yyyy-MM-dd')),ticks(formatDateTime(utcNow(),'yyyy-MM-dd'))),864000000000),'D')"},"metadata":{"flowSystemMetadata":{"swaggerOperationId":"SubscribeUserFlowContinuation"}},"type":"ApiConnectionWebhook","inputs":{"host":{"connection":{"name":"@parameters('$connections')['shared_teams']['connectionId']"},"api":{"runtimeUrl":"https://unitedstates-002.azure-apim.net/apim/teams"}},"body":{"notificationUrl":"@{listCallbackUrl()}","body":{"recipient":{"to":"@{triggerBody()?['Approver']?['Email']};"},"messageBody":"{\n    \"type\": \"AdaptiveCard\",\n    \"body\": [\n        {\n            \"type\": \"Container\",\n            \"style\": \"emphasis\",\n            \"items\": [\n                {\n                    \"type\": \"ColumnSet\",\n                    \"columns\": [\n                        {\n                            \"type\": \"Column\",\n                            \"items\": [\n                                {\n                                    \"type\": \"TextBlock\",\n                                    \"size\": \"Large\",\n                                    \"weight\": \"Bolder\",\n                                    \"text\": \"**Solicitação de Acesso**\"\n                                }\n                            ],\n                            \"width\": \"stretch\"\n                        }\n                    ]\n                }\n            ],\n            \"bleed\": true\n        },\n        {\n            \"type\": \"Container\",\n            \"items\": [\n                {\n                    \"type\": \"ColumnSet\",\n                    \"columns\": [\n                        {\n                            \"type\": \"Column\",\n                            \"items\": [\n                                {\n                                    \"type\": \"TextBlock\",\n                                    \"size\": \"ExtraLarge\",\n                                    \"text\": \"@{triggerBody()?['Title']}\",\n                                    \"wrap\": true\n                                }\n                            ],\n                            \"width\": \"stretch\"\n                        }\n                    ]\n                },\n                {\n                    \"type\": \"FactSet\",\n                    \"spacing\": \"Large\",\n                    \"facts\": [\n                        {\n                            \"title\": \"Solicitado por\",\n                            \"value\": \"**@{triggerBody()?['Requestor']?['DisplayName']}**  @{triggerBody()?['Requestor']?['Email']}\"\n                        },\n                        {\n                            \"title\": \"Solicitado em\",\n                            \"value\": \"@{triggerBody()?['Created']}\"\n                        },\n                        {\n                            \"title\": \"Data\",\n                            \"value\": \"@{triggerBody()?['RequestDate']}\"\n                        },\n                        {\n                            \"title\": \"Edifício\",\n                            \"value\": \"@{triggerBody()?['Title']}\"\n                        },\n                        {\n                            \"title\": \"Espaço\",\n                            \"value\": \"@{triggerBody()?['SpaceName']}\"\n                        },\n                        {\n                            \"title\": \"Razão\",\n                            \"value\": \"@{triggerBody()?['RequestReason']}\"\n                        }\n                    ]\n                }\n            ]\n        },\n        {\n            \"type\": \"Container\",\n            \"items\": [\n                {\n                    \"type\": \"ActionSet\",\n                    \"actions\": [\n                        {\n                            \"type\": \"Action.OpenUrl\",\n                            \"title\": \"Chat\",\n                            \"url\": \"https://teams.microsoft.com/l/chat/0/0?users=@{triggerBody()?['Requestor']?['Email']}\"\n                        }\n                    ]\n                },\n                {\n                    \"type\": \"ActionSet\",\n                    \"actions\": [\n                        {\n                            \"type\": \"Action.Submit\",\n                            \"title\": \"Aprovar\",\n                            \"style\": \"positive\",\n                            \"data\": {\n                                \"id\": \"_qkQW8dJlUeLVi7ZMEzYVw\",\n                                \"action\": \"approve\"\n                            }\n                        },\n                        {\n                            \"type\": \"Action.ShowCard\",\n                            \"title\": \"Rejeitar\",\n                            \"style\": \"destructive\",\n                            \"card\": {\n                                \"type\": \"AdaptiveCard\",\n                                \"body\": [\n                                    {\n                                        \"type\": \"Input.Text\",\n                                        \"id\": \"RejectCommentID\",\n                                        \"placeholder\": \"Please specify an appropriate reason for rejection.\",\n                                        \"isMultiline\": true\n                                    }\n                                ],\n                                \"actions\": [\n                                    {\n                                        \"type\": \"Action.Submit\",\n                                        \"title\": \"Send\",\n                                        \"data\": {\n                                            \"id\": \"_qkQW8dJlUeLVi7ZMEzYVw\",\n                                            \"action\": \"reject\"\n                                        }\n                                    }\n                                ],\n                                \"$schema\": \"http://adaptivecards.io/schemas/adaptive-card.json\"\n                            }\n                        }\n                    ]\n                }\n            ]\n        }\n    ],\n    \"$schema\": \"http://adaptivecards.io/schemas/adaptive-card.json\",\n    \"version\": \"1.2\",\n    \"fallbackText\": \"This card requires Adaptive Cards v1.2 support to be rendered properly.\"\n}","shouldUpdateCard":true}},"path":"/flowbot/actions/flowcontinuation/recipienttypes/user/$subscriptions","authentication":"@parameters('$authentication')"}},"Response":{"runAfter":{"ApprovalCard":["Succeeded"]},"type":"ParseJson","inputs":{"content":"@body('ApprovalCard')","schema":{"type":"object","properties":{"responseTime":{"type":"string"},"responder":{"type":"object","properties":{"objectId":{"type":"string"},"tenantId":{"type":"string"},"email":{"type":"string"},"userPrincipalName":{"type":"string"},"displayName":{"type":"string"}}},"submitActionId":{"type":"string"},"data":{"type":"object","properties":{"RejectCommentID":{"type":"string"},"id":{"type":"string"},"action":{"type":"string"}}}}}}},"Terminate-TimeOut":{"runAfter":{"ApprovalCard":["TimedOut"]},"type":"Terminate","inputs":{"runStatus":"Failed","runError":{"code":"Approval Timed Out","message":"Approval Timed Out"}}}},"runAfter":{"Initialize_variable-varTimeOut":["Succeeded"]},"else":{"actions":{"GetAppSettings":{"runAfter":{},"metadata":{"flowSystemMetadata":{"swaggerOperationId":"GetItems"}},"type":"ApiConnection","inputs":{"host":{"connection":{"name":"@parameters('$connections')['shared_sharepointonline']['connectionId']"},"api":{"runtimeUrl":"https://unitedstates-002.azure-apim.net/apim/sharepointonline"}},"method":"get","path":"/datasets/@{encodeURIComponent(encodeURIComponent(variables('varSiteUrl')))}/tables/@{encodeURIComponent(encodeURIComponent('BAR_AppSettings'))}/items","queries":{"$top":1},"authentication":"@parameters('$authentication')"}},"PostAdminTeam":{"runAfter":{"GetAppSettings":["Succeeded"]},"limit":{"timeout":"@concat('P',Div(sub(ticks(formatDateTime(addDays(formatDateTime(triggerBody()?['RequestDate'],'yyyy-MM-dd'),1),'yyyy-MM-dd')),ticks(formatDateTime(utcNow(),'yyyy-MM-dd'))),864000000000),'D')"},"metadata":{"flowSystemMetadata":{"swaggerOperationId":"SubscribeChannelFlowContinuation"}},"type":"ApiConnectionWebhook","inputs":{"host":{"connection":{"name":"@parameters('$connections')['shared_teams']['connectionId']"},"api":{"runtimeUrl":"https://unitedstates-002.azure-apim.net/apim/teams"}},"body":{"notificationUrl":"@{listCallbackUrl()}","body":{"recipient":{"channelId":"@{first(body('GetAppSettings')?['value'])?['AdminTeamChannelID']}"},"messageBody":"{\n    \"type\": \"AdaptiveCard\",\n    \"body\": [\n        {\n            \"type\": \"Container\",\n            \"style\": \"emphasis\",\n            \"items\": [\n                {\n                    \"type\": \"ColumnSet\",\n                    \"columns\": [\n                        {\n                            \"type\": \"Column\",\n                            \"items\": [\n                                {\n                                    \"type\": \"TextBlock\",\n                                    \"size\": \"Large\",\n                                    \"weight\": \"Bolder\",\n                                    \"text\": \"**Solicitação de Acesso**\"\n                                }\n                            ],\n                            \"width\": \"stretch\"\n                        }\n                    ]\n                }\n            ],\n            \"bleed\": true\n        },\n        {\n            \"type\": \"Container\",\n            \"items\": [\n                {\n                    \"type\": \"ColumnSet\",\n                    \"columns\": [\n                        {\n                            \"type\": \"Column\",\n                            \"items\": [\n                                {\n                                    \"type\": \"TextBlock\",\n                                    \"size\": \"ExtraLarge\",\n                                    \"text\": \"@{triggerBody()?['Title']}\",\n                                    \"wrap\": true\n                                }\n                            ],\n                            \"width\": \"stretch\"\n                        }\n                    ]\n                },\n                {\n                    \"type\": \"FactSet\",\n                    \"spacing\": \"Large\",\n                    \"facts\": [\n                        {\n                            \"title\": \"Solicitado por\",\n                            \"value\": \"**@{triggerBody()?['Requestor']?['DisplayName']}**  @{triggerBody()?['Requestor']?['Email']}\"\n                        },\n                        {\n                            \"title\": \"Solicitado em\",\n                            \"value\": \"@{triggerBody()?['Created']}\"\n                        },\n                        {\n                            \"title\": \"Data\",\n                            \"value\": \"@{triggerBody()?['RequestDate']}\"\n                        },\n                        {\n                            \"title\": \"Edifício\",\n                            \"value\": \"@{triggerBody()?['Title']}\"\n                        },\n                        {\n                            \"title\": \"Espaço\",\n                            \"value\": \"@{triggerBody()?['SpaceName']}\"\n                        },\n                        {\n                            \"title\": \"Razão\",\n                            \"value\": \"@{triggerBody()?['RequestReason']}\"\n                        }\n                    ]\n                }\n            ]\n        },\n        {\n            \"type\": \"Container\",\n            \"items\": [\n                {\n                    \"type\": \"ActionSet\",\n                    \"actions\": [\n                        {\n                            \"type\": \"Action.OpenUrl\",\n                            \"title\": \"Chat\",\n                            \"url\": \"https://teams.microsoft.com/l/chat/0/0?users=@{triggerBody()?['Requestor']?['Email']}\"\n                        }\n                    ]\n                },\n                {\n                    \"type\": \"ActionSet\",\n                    \"actions\": [\n                        {\n                            \"type\": \"Action.Submit\",\n                            \"title\": \"Aprovar\",\n                            \"style\": \"positive\",\n                            \"data\": {\n                                \"id\": \"_qkQW8dJlUeLVi7ZMEzYVw\",\n                                \"action\": \"approve\"\n                            }\n                        },\n                        {\n                            \"type\": \"Action.ShowCard\",\n                            \"title\": \"Rejeitar\",\n                            \"style\": \"destructive\",\n                            \"card\": {\n                                \"type\": \"AdaptiveCard\",\n                                \"body\": [\n                                    {\n                                        \"type\": \"Input.Text\",\n                                        \"id\": \"RejectCommentID\",\n                                        \"placeholder\": \"Please specify an appropriate reason for rejection.\",\n                                        \"isMultiline\": true\n                                    }\n                                ],\n                                \"actions\": [\n                                    {\n                                        \"type\": \"Action.Submit\",\n                                        \"title\": \"Send\",\n                                        \"data\": {\n                                            \"id\": \"_qkQW8dJlUeLVi7ZMEzYVw\",\n                                            \"action\": \"reject\"\n                                        }\n                                    }\n                                ],\n                                \"$schema\": \"http://adaptivecards.io/schemas/adaptive-card.json\"\n                            }\n                        }\n                    ]\n                }\n            ]\n        }\n    ],\n    \"$schema\": \"http://adaptivecards.io/schemas/adaptive-card.json\",\n    \"version\": \"1.2\",\n    \"fallbackText\": \"This card requires Adaptive Cards v1.2 support to be rendered properly.\"\n}","shouldUpdateCard":true}},"path":"/flowbot/actions/flowcontinuation/recipienttypes/channel/$subscriptions","queries":{"groupId":"@{first(body('GetAppSettings')?['value'])?['AdminTeamsID']}"},"authentication":"@parameters('$authentication')"}},"ResponseAdmin":{"runAfter":{"PostAdminTeam":["Succeeded"]},"type":"ParseJson","inputs":{"content":"@body('PostAdminTeam')","schema":{"type":"object","properties":{"responseTime":{"type":"string"},"responder":{"type":"object","properties":{"objectId":{"type":"string"},"tenantId":{"type":"string"},"email":{"type":"string"},"userPrincipalName":{"type":"string"},"displayName":{"type":"string"}}},"submitActionId":{"type":"string"},"data":{"type":"object","properties":{"teamAadId":{"type":"string"},"id":{"type":"string"},"action":{"type":"string"},"RejectCommentID":{"type":"string"}}}}}}},"Terminate":{"runAfter":{"PostAdminTeam":["TimedOut"]},"type":"Terminate","inputs":{"runStatus":"Failed","runError":{"code":"Approval Timed Out","message":"Approval Timed Out"}}}}},"expression":{"not":{"equals":["@triggerBody()?['Approver']?['Email']","@null"]}},"type":"If"},"Initialize_variable-varSiteUrl":{"runAfter":{},"type":"InitializeVariable","inputs":{"variables":[{"name":"varSiteUrl","type":"string","value":"https://m365x257948.sharepoint.com/sites/BAR115/"}]}},"ComposeResponse":{"runAfter":{"StillPendingApproval":["Succeeded"]},"type":"Compose","inputs":"@If(empty(triggerBody()?['Approver']?['Email']),body('ResponseAdmin')?['data']?['action'],body('Response')?['data']?['action'])"},"Initialize_variable-varMessage":{"runAfter":{"Initialize_variable-varSiteUrl":["Succeeded"]},"type":"InitializeVariable","inputs":{"variables":[{"name":"varMessage","type":"string"}]}},"Compose-Timeout":{"runAfter":{"Initialize_variable-varMessage":["Succeeded"]},"type":"Compose","inputs":"@Div(sub(ticks(addHours(formatDateTime(triggerBody()?['RequestDate'],'yyyy-MM-ddThh:mm:ss'),12)),ticks(formatDateTime(utcNow(),'yyyy-MM-ddThh:mm:ss'))),60000000000)"},"Initialize_variable-varTimeOut":{"runAfter":{"Compose-Timeout":["Succeeded"]},"type":"InitializeVariable","inputs":{"variables":[{"name":"varTimeOut","type":"string","value":"@{concat('P',Div(sub(ticks(formatDateTime(addDays(formatDateTime(triggerBody()?['RequestDate'],'yyyy-MM-dd'),1),'yyyy-MM-dd')),ticks(formatDateTime(utcNow(),'yyyy-MM-dd'))),864000000000),'D')}"}]}}},"outputs":{}},"connectionReferences":{"shared_sharepointonline":{"connectionName":"00cea777617c497cb71ad9307227b2f5","source":"Embedded","id":"/providers/Microsoft.PowerApps/apis/shared_sharepointonline","tier":"NotSpecified"},"shared_teams":{"connectionName":"shared-teams-5e13e669-189c-4e2a-b7b7-3c4a7113cf99","source":"Embedded","id":"/providers/Microsoft.PowerApps/apis/shared_teams","tier":"NotSpecified"}},"flowFailureAlertSubscribed":false}}